<?xml version="1.0" encoding="UTF-8"?>
<!DOCTYPE configuration PUBLIC "-//NetBeans//DTD Tool Configuration 1.0//EN" "http://www.netbeans.org/dtds/ToolConfiguration-1_0.dtd">
<configuration>
    <tool kind="hints" type="text/x-java">
        <node name="Javac_RAWTYPES">
            <attribute name="enabled" value="true"/>
        </node>
        <node name="Javac_SERIALIZATION">
            <attribute name="enabled" value="true"/>
        </node>
        <node name="Braces_DO_WHILE_LOOP">
            <attribute name="enabled" value="true"/>
        </node>
        <node name="org.netbeans.modules.java.hints.PrintStackTrace">
            <attribute name="enabled" value="false"/>
        </node>
        <node name="Braces_FOR_LOOP">
            <attribute name="enabled" value="true"/>
        </node>
        <node name="org.netbeans.modules.java.hints.IncompatibleMask">
            <attribute name="enabled" value="false"/>
        </node>
        <node name="org.netbeans.modules.java.hints.ClassStructure.finalMethodInFinalClass">
            <attribute name="enabled" value="true"/>
        </node>
        <node name="EmptyStatements_WHILE_LOOP">
            <attribute name="enabled" value="false"/>
        </node>
        <node name="EmptyStatements_BLOCK">
            <attribute name="enabled" value="false"/>
        </node>
        <node name="org.netbeans.modules.java.hints.IllegalInstanceOf">
            <attribute name="enabled" value="true"/>
        </node>
        <node name="Javac_FINALLY">
            <attribute name="enabled" value="true"/>
        </node>
        <node name="org.netbeans.modules.java.hints.ClassStructure.publicConstructorInNonPublicClass">
            <attribute name="enabled" value="true"/>
        </node>
        <node name="org.netbeans.modules.java.hints.ClassStructure.multipleTopLevelClassesInFile">
            <attribute name="enabled" value="true"/>
        </node>
        <node name="org.netbeans.modules.java.hints.OrganizeMembers">
            <attribute name="enabled" value="true"/>
        </node>
        <node name="Javac_UNCHECKED">
            <attribute name="enabled" value="true"/>
        </node>
        <node name="org.netbeans.modules.java.hints.EmptyCancelForCancellableTask">
            <attribute name="enabled" value="true"/>
        </node>
        <node name="org.netbeans.modules.java.hints.InitializerCanBeStatic">
            <attribute name="enabled" value="true"/>
        </node>
        <node name="org.netbeans.modules.java.hints.ClassStructure.finalClass">
            <attribute name="enabled" value="true"/>
        </node>
        <node name="org.netbeans.modules.java.hints.ClassStructure.protectedMemberInFinalClass">
            <attribute name="enabled" value="true"/>
        </node>
        <node name="org.netbeans.modules.java.hints.ClassStructure.classMayBeInterface">
            <attribute name="enabled" value="true"/>
        </node>
        <node name="org.netbeans.modules.java.hints.ClassStructure.markerInterface">
            <attribute name="enabled" value="true"/>
        </node>
        <node name="org.netbeans.modules.java.hints.ClassStructure.finalMethod">
            <attribute name="enabled" value="true"/>
        </node>
        <node name="org.netbeans.modules.java.hints.ClassStructure.finalPrivateMethod">
            <attribute name="enabled" value="true"/>
        </node>
        <node name="Javac_DEPRECATED">
            <attribute name="enabled" value="true"/>
        </node>
        <node name="org.netbeans.modules.java.hints.ThreadDumpStack">
            <attribute name="enabled" value="false"/>
        </node>
        <node name="org.netbeans.modules.java.hints.ShiftOutOfRange">
            <attribute name="enabled" value="false"/>
        </node>
        <node name="Javac_FALLTHROUGH">
            <attribute name="enabled" value="true"/>
        </node>
        <node name="org.netbeans.modules.java.hints.ObsoleteCollection">
            <attribute name="enabled" value="false"/>
        </node>
        <node name="Braces_IF">
            <attribute name="enabled" value="true"/>
        </node>
        <node name="Javac_UNNECESSARY_CAST">
            <attribute name="enabled" value="true"/>
        </node>
        <node name="Javac_OVERRIDES">
            <attribute name="enabled" value="true"/>
        </node>
        <node name="Braces_WHILE_LOOP">
            <attribute name="enabled" value="true"/>
        </node>
        <node name="EmptyStatements_DO_WHILE_LOOP">
            <attribute name="enabled" value="false"/>
        </node>
        <node name="org.netbeans.modules.java.hints.PointlessBitwiseExpression">
            <attribute name="enabled" value="false"/>
        </node>
        <node name="org.netbeans.modules.java.hints.ClassStructure.noopMethodInAbstractClass">
            <attribute name="enabled" value="true"/>
        </node>
        <node name="Javac_EMPTY_STATEMENT_AFTER_IF">
            <attribute name="enabled" value="true"/>
        </node>
        <node name="EmptyStatements_FOR_LOOP">
            <attribute name="enabled" value="false"/>
        </node>
        <node name="Javac_DIVISION_BY_ZERO">
            <attribute name="enabled" value="true"/>
        </node>
    </tool>
</configuration>
